Region Name,Region Type,Type,Current,Month Over Month,Quarter Over Quarter,Year Over Year,5 Year Annualized,10 Year Annualized,Current,Month Over Month,Quarter Over Quarter,Year Over Year,Current,Month Over Month,Quarter Over Quarter,Year Over Year,Current,Month Over Month,Quarter Over Quarter,Year Over Year,Current,Month Over Month,Quarter Over Quarter,Year Over Year,Current,Month Over Month,Quarter Over Quarter,Year Over Year,Current,Month Over Month,Quarter Over Quarter,Year Over Year,Current,Month Over Month,Quarter Over Quarter,Year Over Year,Current,Month Over Month,Quarter Over Quarter,Year Over Year,Current,Month Over Month,Quarter Over Quarter,Year Over Year,Current,Month Over Month,Quarter Over Quarter,Year Over Year,Current,Month Over Month,Quarter Over Quarter,Year Over Year,Current,Month Over Month,Quarter Over Quarter,Year Over Year,Current,Month Over Month,Quarter Over Quarter,Year Over Year,Current,Month Over Month,Quarter Over Quarter,Year Over Year,Current,Month Over Month,Quarter Over Quarter,Year Over Year,Current,Month Over Month,Quarter Over Quarter,Year Over Year
Seattle,city,All Homes,"$6,04,300",-0.60%,-1.10%,8.90%,11.20%,3.00%,9.30%,2.90%,8.20%,8.10%,3.10%,0.10%,1.50%,-2.80%,5.80%,1.40%,-2.10%,-0.40%,$426,-0.50%,-0.50%,8.40%,3.80%,-0.30%,0.10%,0.00%,"$5,90,000",-1.50%,0.10%,12.40%,85.60%,-4.30%,-12.40%,-12.50%,96.90%,-0.10%,-1.50%,2.80%,3.60%,-0.50%,0.90%,1.20%,5.70%,-0.50%,-3.90%,-18.40%,$422,1.10%,0.80%,4.50%,"$2,400",4.30%,0.00%,4.60%,$2.04,0.10%,-1.60%,1.00%,1.113,0.10%,-0.10%,-1.10%,"$2,538",-0.40%,-0.60%,5.00%,$1.83,-0.40%,-0.40%,5.90%
Admiral,neighborhood,All Homes,"$6,57,400",-1.50%,-4.10%,4.40%,10.20%,2.20%,10.40%,4.00%,9.70%,10.00%,---,---,---,---,0.00%,-2.60%,-5.20%,-19.10%,$410,-1.00%,-1.70%,5.90%,---,---,---,---,"$5,82,500",-9.70%,1.30%,---,81.80%,-7.10%,-17.00%,-17.20%,---,---,---,---,---,---,---,---,5.60%,-1.20%,-9.10%,-20.50%,$378,0.00%,0.30%,8.40%,---,---,---,---,---,---,---,---,2.513,---,---,---,"$2,720",-0.70%,-1.00%,6.30%,$1.70,-0.70%,-1.20%,3.20%
Alki,neighborhood,All Homes,"$6,95,300",-0.30%,-0.50%,7.40%,10.20%,1.70%,16.30%,5.60%,14.60%,14.50%,---,---,---,---,20.00%,13.20%,10.40%,15.00%,$449,0.00%,-0.20%,6.70%,---,---,---,---,"$6,95,000",-0.30%,6.90%,6.90%,76.80%,-6.90%,-20.60%,-20.60%,---,---,---,---,---,---,---,---,6.60%,0.50%,5.10%,-9.70%,$507,2.90%,16.90%,9.10%,---,---,---,---,---,---,---,---,---,---,---,---,"$2,795",-0.80%,-1.60%,4.00%,$1.90,-0.60%,-1.10%,3.30%
Arbor Heights,neighborhood,All Homes,"$4,86,100",-0.80%,-2.10%,6.50%,10.50%,1.50%,10.00%,2.60%,9.60%,9.60%,---,---,---,---,---,---,---,---,$343,-0.60%,-1.70%,10.30%,---,---,---,---,---,---,---,---,85.60%,-4.60%,-13.70%,-13.70%,---,---,---,---,---,---,---,---,6.20%,2.70%,0.70%,10.30%,---,---,---,---,---,---,---,---,---,---,---,---,---,---,---,---,"$2,328",0.30%,1.00%,10.40%,$1.61,-0.20%,0.50%,11.20%
Atlantic,neighborhood,All Homes,---,---,---,---,---,---,---,---,---,---,---,---,---,---,---,---,---,---,---,---,---,---,---,---,---,---,---,---,---,---,---,---,---,---,---,---,---,---,---,---,---,---,5.30%,-15.40%,0.00%,-38.90%,---,---,---,---,---,---,---,---,---,---,---,---,---,---,---,---,---,---,---,---,---,---,---,---
Ballard,neighborhood,All Homes,"$5,58,500",-0.50%,0.10%,14.20%,10.90%,3.50%,3.30%,1.10%,2.50%,2.60%,---,---,---,---,0.00%,-6.60%,-9.10%,---,$485,-0.20%,0.20%,9.50%,---,---,---,---,---,---,---,---,94.40%,-2.00%,-4.50%,-4.80%,---,---,---,---,---,---,---,---,9.50%,-3.70%,-12.00%,-25.90%,$452,2.00%,-2.60%,-10.20%,---,---,---,---,---,---,---,---,---,---,---,---,"$2,459",0.00%,0.00%,8.00%,$2.33,-0.20%,0.50%,8.30%
Beacon Hill,neighborhood,All Homes,"$4,86,700",-0.10%,-0.20%,11.50%,12.10%,2.90%,5.80%,2.40%,5.30%,4.90%,---,---,---,---,---,---,---,---,$296,-0.30%,-0.30%,11.70%,---,---,---,---,"$4,64,500",6.80%,5.90%,-2.20%,90.40%,-3.70%,-8.90%,-7.80%,---,---,---,---,---,---,---,---,4.00%,-1.70%,-9.10%,-14.20%,$297,0.00%,-2.70%,-0.50%,---,---,---,---,---,---,---,---,---,---,---,---,"$2,375",-0.30%,0.70%,9.60%,$1.44,-0.10%,1.00%,9.10%
Belltown,neighborhood,All Homes,"$4,77,600",2.00%,8.30%,15.70%,13.10%,2.30%,5.80%,2.90%,3.50%,-2.90%,---,---,---,---,9.10%,5.00%,-1.00%,-0.90%,$629,1.10%,4.70%,12.50%,---,---,---,---,---,---,---,---,90.20%,-4.50%,-4.50%,0.20%,---,---,---,---,---,---,---,---,7.80%,-1.80%,-6.70%,-7.80%,$641,3.40%,6.70%,5.10%,"$2,050",-8.90%,7.90%,5.10%,$2.83,1.70%,0.80%,-0.70%,1.238,---,---,---,"$2,180",0.00%,0.60%,6.00%,$2.83,0.20%,-0.20%,4.20%
Bitter Lake,neighborhood,All Homes,"$4,50,900",-1.10%,-2.20%,9.70%,12.20%,2.20%,4.00%,1.10%,3.70%,3.30%,---,---,---,---,---,---,---,---,$315,-1.30%,-2.80%,11.70%,---,---,---,---,---,---,---,---,93.60%,-2.50%,-6.00%,-4.70%,---,---,---,---,---,---,---,---,7.60%,0.00%,0.60%,-10.60%,---,---,---,---,---,---,---,---,---,---,---,---,5.009,2.60%,---,---,"$2,196",0.40%,0.60%,9.60%,$1.77,0.00%,0.20%,8.00%
Blue Ridge,neighborhood,All Homes,"$7,15,400",-1.10%,-1.20%,9.40%,11.30%,2.80%,12.80%,2.70%,10.70%,12.40%,---,---,---,---,---,---,---,---,$399,-0.30%,-0.70%,7.30%,---,---,---,---,---,---,---,---,82.50%,-3.40%,-13.40%,-17.10%,---,---,---,---,---,---,---,---,4.00%,-2.30%,-4.40%,-33.80%,---,---,---,---,---,---,---,---,---,---,---,---,---,---,---,---,"$2,797",-0.30%,-0.20%,6.20%,$1.63,-0.40%,-0.40%,4.10%
Brighton,neighborhood,All Homes,"$4,12,800",-1.30%,-3.50%,7.80%,12.90%,1.60%,7.20%,2.40%,6.70%,6.00%,---,---,---,---,---,---,---,---,$278,-0.70%,-1.80%,10.30%,---,---,---,---,---,---,---,---,89.70%,-3.40%,-9.10%,-8.20%,---,---,---,---,---,---,---,---,5.30%,1.20%,1.20%,-25.00%,---,---,---,---,---,---,---,---,---,---,---,---,---,---,---,---,"$2,213",0.20%,2.00%,9.60%,$1.45,0.60%,2.30%,8.30%
Broadmoor,neighborhood,All Homes,---,---,---,---,---,---,---,---,---,---,---,---,---,---,---,---,---,---,---,---,---,---,---,---,---,---,---,---,---,---,---,---,---,---,---,---,---,---,---,---,---,---,6.20%,-9.50%,-17.40%,-24.00%,---,---,---,---,---,---,---,---,---,---,---,---,---,---,---,---,---,---,---,---,---,---,---,---
Broadview,neighborhood,All Homes,"$6,54,000",-1.00%,-1.40%,8.10%,10.10%,2.50%,14.70%,4.70%,13.50%,13.90%,---,---,---,---,---,---,---,---,$344,-1.10%,-3.10%,6.20%,---,---,---,---,---,---,---,---,78.00%,-7.40%,-19.20%,-20.70%,---,---,---,---,---,---,---,---,5.30%,-1.40%,-3.40%,-17.50%,$332,-7.60%,-3.10%,---,---,---,---,---,---,---,---,---,---,---,---,---,"$2,682",-0.70%,-1.10%,4.80%,$1.46,-0.70%,-1.00%,4.40%
Bryant,neighborhood,All Homes,"$7,43,100",0.80%,2.00%,9.60%,10.80%,3.60%,2.90%,1.40%,2.20%,2.70%,---,---,---,---,---,---,---,---,$455,0.90%,2.50%,10.20%,---,---,---,---,---,---,---,---,93.90%,-3.00%,-4.60%,-5.80%,---,---,---,---,---,---,---,---,4.70%,-2.20%,-2.20%,-13.70%,---,---,---,---,---,---,---,---,---,---,---,---,---,---,---,---,"$2,774",-0.50%,-1.00%,2.60%,$1.75,-0.30%,-0.70%,2.90%
Capitol Hill,neighborhood,All Homes,"$5,65,800",1.00%,5.40%,16.70%,11.50%,3.40%,7.50%,2.10%,6.10%,5.50%,---,---,---,---,4.30%,-0.70%,-0.30%,-0.70%,$559,0.00%,1.50%,9.60%,3.80%,-0.30%,-0.60%,-0.50%,"$5,14,700",-7.60%,-8.50%,20.00%,88.90%,-3.10%,-9.00%,-8.30%,---,---,---,---,---,---,---,---,6.40%,-2.00%,-9.00%,-15.20%,$553,3.00%,3.00%,7.90%,---,---,---,---,$2.48,9.70%,-0.60%,-1.60%,---,---,---,---,"$2,451",-0.10%,-0.40%,5.10%,$2.48,0.10%,0.20%,5.60%
Cedar Park,neighborhood,All Homes,"$5,43,800",-1.30%,-3.90%,7.30%,9.90%,2.40%,25.30%,4.70%,20.90%,21.50%,---,---,---,---,---,---,---,---,$329,-1.20%,-3.20%,5.40%,---,---,---,---,---,---,---,---,68.00%,-4.70%,-23.80%,-27.00%,---,---,---,---,---,---,---,---,5.60%,-2.20%,-8.40%,-17.90%,---,---,---,---,---,---,---,---,---,---,---,---,---,---,---,---,"$2,474",0.10%,0.40%,6.70%,$1.56,-0.50%,-0.80%,4.30%
Central,neighborhood,All Homes,"$6,65,900",0.10%,2.80%,12.50%,12.10%,3.80%,3.40%,1.00%,2.70%,3.10%,---,---,---,---,---,---,---,---,$474,0.20%,2.20%,11.50%,---,---,---,---,---,---,---,---,93.10%,-2.90%,-6.00%,-6.50%,---,---,---,---,---,---,---,---,5.30%,-2.00%,-22.20%,-44.90%,---,---,---,---,---,---,---,---,---,---,---,---,---,---,---,---,"$2,760",-0.40%,-0.80%,7.90%,$2.00,-0.40%,-1.00%,6.50%
Columbia City,neighborhood,All Homes,"$5,23,400",2.00%,6.60%,19.90%,13.40%,3.10%,2.00%,0.30%,1.30%,1.40%,---,---,---,---,---,---,---,---,$356,2.30%,7.20%,19.50%,---,---,---,---,---,---,---,---,97.00%,-0.90%,-1.90%,-2.10%,---,---,---,---,---,---,---,---,5.90%,5.00%,2.40%,-21.60%,---,---,---,---,---,---,---,---,---,---,---,---,---,---,---,---,"$2,396",-0.20%,0.50%,6.00%,$1.61,0.10%,0.90%,5.50%
Crown Hill,neighborhood,All Homes,"$5,48,300",-1.00%,-2.50%,12.70%,11.60%,3.20%,8.90%,2.60%,8.30%,5.90%,---,---,---,---,---,---,---,---,$384,-0.80%,-1.30%,11.60%,---,---,---,---,---,---,---,---,88.40%,-2.20%,-10.90%,-8.40%,---,---,---,---,---,---,---,---,6.00%,4.80%,0.00%,-17.50%,---,---,---,---,---,---,---,---,---,---,---,---,---,---,---,---,"$2,463",0.00%,0.00%,7.00%,$1.75,-0.30%,-0.30%,8.00%
Denny - Blaine,neighborhood,All Homes,---,---,---,---,---,---,---,---,---,---,---,---,---,---,---,---,---,---,---,---,---,---,---,---,---,---,---,---,---,---,---,---,---,---,---,---,---,---,---,---,---,---,5.00%,0.00%,-10.00%,-21.70%,---,---,---,---,---,---,---,---,---,---,---,---,---,---,---,---,---,---,---,---,---,---,---,---
Denny Triangle,neighborhood,All Homes,"$5,65,500",0.40%,2.70%,9.40%,11.70%,2.60%,4.40%,1.20%,0.40%,2.20%,---,---,---,---,---,---,---,---,$674,1.70%,5.80%,13.90%,---,---,---,---,---,---,---,---,94.60%,-0.80%,-0.60%,-1.40%,---,---,---,---,---,---,---,---,6.60%,-4.60%,-15.10%,-75.10%,---,---,---,---,---,---,---,---,---,---,---,---,---,---,---,---,"$2,422",-0.10%,0.30%,4.10%,$2.89,0.80%,1.00%,5.80%
Downtown,neighborhood,All Homes,"$6,85,500",1.40%,6.30%,11.40%,9.80%,2.40%,6.30%,1.90%,2.60%,4.40%,---,---,---,---,8.60%,6.10%,4.10%,3.30%,$718,1.40%,5.40%,10.80%,---,---,---,---,---,---,---,---,90.40%,-3.80%,-4.20%,-6.80%,---,---,---,---,---,---,---,---,6.00%,-1.80%,-11.30%,-20.30%,$911,-2.00%,6.80%,20.40%,---,---,---,---,---,---,---,---,---,---,---,---,"$2,802",-0.40%,-0.50%,5.50%,$2.96,-0.10%,-0.80%,4.90%
Dunlap,neighborhood,All Homes,"$3,57,900",0.50%,0.90%,11.50%,10.50%,1.40%,24.40%,0.60%,23.80%,23.70%,---,---,---,---,---,---,---,---,$272,0.70%,0.70%,11.00%,---,---,---,---,---,---,---,---,70.60%,-2.70%,-28.20%,-28.40%,---,---,---,---,---,---,---,---,6.70%,3.00%,0.00%,15.70%,---,---,---,---,---,---,---,---,---,---,---,---,5.081,---,-10.10%,-7.80%,"$2,022",0.60%,2.10%,9.90%,$1.52,0.40%,1.70%,8.70%
East Queen Anne,neighborhood,All Homes,"$8,18,100",0.20%,0.60%,6.80%,10.60%,2.60%,7.00%,2.20%,5.00%,5.30%,---,---,---,---,---,---,---,---,$543,0.70%,2.80%,11.50%,---,---,---,---,---,---,---,---,88.90%,-3.70%,-8.00%,-8.50%,---,---,---,---,---,---,---,---,6.90%,2.30%,-5.80%,-10.10%,---,---,---,---,---,---,---,---,---,---,---,---,---,---,---,---,"$3,118",-1.10%,-1.80%,4.60%,$2.22,-0.50%,-0.70%,4.60%
Eastlake,neighborhood,All Homes,"$6,09,500",2.50%,11.00%,24.00%,12.60%,3.20%,5.60%,1.50%,3.90%,4.70%,---,---,---,---,---,---,---,---,$514,0.40%,2.20%,10.10%,---,---,---,---,---,---,---,---,91.30%,-1.50%,-6.10%,-7.60%,---,---,---,---,---,---,---,---,6.80%,-4.40%,-8.50%,-9.50%,---,---,---,---,---,---,---,---,---,---,---,---,---,---,---,---,"$2,495",0.00%,-0.20%,3.80%,$2.35,-0.30%,-0.20%,4.30%
Fairmount Park,neighborhood,All Homes,"$5,30,500",-0.60%,-1.70%,8.70%,10.90%,2.40%,5.90%,1.80%,5.50%,2.90%,---,---,---,---,---,---,---,---,$377,-0.30%,-0.80%,9.60%,---,---,---,---,---,---,---,---,90.30%,-2.20%,-9.00%,-5.50%,---,---,---,---,---,---,---,---,7.10%,-0.80%,7.10%,-5.50%,---,---,---,---,---,---,---,---,---,---,---,---,8.642,-3.70%,---,---,"$2,420",0.10%,0.20%,6.90%,$1.81,-0.10%,0.00%,6.50%
Fauntleroy,neighborhood,All Homes,"$6,51,000",-2.50%,-7.80%,-1.20%,8.50%,1.40%,33.90%,8.00%,33.20%,33.10%,---,---,---,---,---,---,---,---,$367,-2.40%,-5.90%,1.10%,---,---,---,---,---,---,---,---,54.30%,-10.70%,-44.20%,-44.30%,---,---,---,---,---,---,---,---,5.20%,-1.80%,-18.80%,-21.20%,---,---,---,---,---,---,---,---,---,---,---,---,---,---,---,---,"$2,733",-1.30%,-1.90%,10.70%,$1.55,-0.90%,-1.10%,8.20%
First Hill,neighborhood,All Homes,"$4,06,100",0.80%,3.80%,13.30%,12.80%,2.80%,3.60%,2.40%,2.70%,1.10%,---,---,---,---,---,---,---,---,$548,0.90%,3.60%,12.80%,---,---,---,---,---,---,---,---,93.40%,-3.00%,-4.90%,-3.50%,---,---,---,---,---,---,---,---,6.50%,-1.40%,-4.90%,-7.50%,---,---,---,---,---,---,---,---,---,---,---,---,---,---,---,---,"$1,921",-0.30%,-0.70%,2.30%,$2.71,0.10%,1.00%,5.20%
Fremont,neighborhood,All Homes,"$6,61,600",0.00%,0.80%,7.60%,11.60%,3.10%,7.90%,2.20%,7.00%,7.70%,---,---,---,---,---,---,---,---,$491,0.20%,1.00%,10.30%,---,---,---,---,---,---,---,---,86.80%,-4.10%,-12.10%,-12.90%,---,---,---,---,---,---,---,---,6.50%,0.00%,-3.30%,-15.00%,$481,-2.50%,1.30%,---,---,---,---,---,---,---,---,---,---,---,---,---,"$2,756",-0.20%,-0.10%,7.60%,$2.14,-0.30%,0.00%,6.20%
Garfield,neighborhood,All Homes,"$6,46,700",-1.30%,-1.30%,10.70%,12.20%,3.90%,3.40%,0.90%,2.30%,3.30%,---,---,---,---,---,---,---,---,$443,-0.90%,-0.90%,10.20%,---,---,---,---,---,---,---,---,92.60%,-3.90%,-5.90%,-7.00%,---,---,---,---,---,---,---,---,4.60%,15.40%,7.10%,-25.00%,---,---,---,---,---,---,---,---,---,---,---,---,---,---,---,---,"$2,630",0.50%,2.40%,7.30%,$1.83,0.10%,0.70%,6.80%
Gatewood,neighborhood,All Homes,"$5,78,300",-1.20%,-2.30%,8.50%,10.70%,2.20%,6.80%,1.40%,6.00%,6.40%,---,---,---,---,---,---,---,---,$388,-0.80%,-1.50%,8.70%,---,---,---,---,---,---,---,---,89.50%,-2.10%,-9.50%,-9.70%,---,---,---,---,---,---,---,---,6.20%,0.60%,-4.00%,-19.00%,---,---,---,---,---,---,---,---,---,---,---,---,---,---,---,---,"$2,504",0.00%,-0.20%,8.00%,$1.71,-0.20%,-0.20%,7.80%
Genesee,neighborhood,All Homes,"$6,34,000",0.40%,1.00%,13.40%,11.60%,3.10%,4.70%,1.10%,4.10%,3.80%,---,---,---,---,---,---,---,---,$400,0.80%,2.30%,14.60%,---,---,---,---,---,---,---,---,94.10%,0.10%,-4.60%,-4.20%,---,---,---,---,---,---,---,---,5.60%,-1.70%,5.40%,-13.20%,---,---,---,---,---,---,---,---,---,---,---,---,---,---,---,---,"$2,548",-0.40%,-0.60%,4.80%,$1.61,-0.50%,-0.50%,4.50%
Georgetown,neighborhood,All Homes,---,---,---,---,---,---,---,---,---,---,---,---,---,---,---,---,---,---,---,---,---,---,---,---,---,---,---,---,---,---,---,---,---,---,---,---,---,---,---,---,---,---,8.00%,-3.20%,-11.80%,3.40%,---,---,---,---,---,---,---,---,---,---,---,---,---,---,---,---,---,---,---,---,---,---,---,---
Green Lake,neighborhood,All Homes,"$7,10,700",0.20%,0.50%,6.00%,10.50%,3.00%,7.50%,3.50%,6.70%,7.30%,---,---,---,---,---,---,---,---,$490,0.20%,0.40%,8.40%,---,---,---,---,---,---,---,---,86.40%,-5.60%,-12.40%,-13.20%,---,---,---,---,---,---,---,---,4.40%,1.70%,1.70%,-20.30%,---,---,---,---,---,---,---,---,---,---,---,---,---,---,---,---,"$2,857",-0.80%,-0.80%,5.00%,$1.96,-0.90%,-1.20%,5.10%
Greenwood,neighborhood,All Homes,"$5,60,000",-0.60%,-1.00%,12.00%,11.60%,3.30%,4.30%,1.20%,3.60%,3.50%,---,---,---,---,6.00%,-12.00%,-5.80%,1.70%,$421,-0.20%,-0.50%,10.20%,---,---,---,---,---,---,---,---,91.90%,-2.50%,-7.00%,-6.70%,---,---,---,---,---,---,---,---,5.60%,1.40%,-5.70%,-18.40%,$385,-3.20%,-4.30%,---,---,---,---,---,---,---,---,---,1.655,---,-0.60%,---,"$2,456",0.00%,0.30%,8.10%,$1.92,-0.40%,-0.50%,7.30%
Haller Lake,neighborhood,All Homes,"$4,79,200",-0.50%,-0.40%,12.00%,11.90%,2.80%,3.70%,0.80%,3.40%,3.40%,---,---,---,---,---,---,---,---,$323,-0.30%,-0.60%,11.80%,---,---,---,---,---,---,---,---,93.80%,-2.10%,-5.60%,-5.80%,---,---,---,---,---,---,---,---,5.90%,-4.10%,-5.80%,-25.60%,---,---,---,---,---,---,---,---,---,---,---,---,2.919,---,0.80%,-5.80%,"$2,284",-0.20%,0.00%,6.50%,$1.59,-0.10%,0.50%,6.80%
Hawthorne Hills,neighborhood,All Homes,"$9,24,100",-1.90%,-4.40%,5.60%,10.20%,2.50%,16.00%,2.40%,15.40%,15.60%,---,---,---,---,---,---,---,---,$444,-0.40%,-0.70%,8.30%,---,---,---,---,---,---,---,---,78.60%,-3.30%,-20.40%,-20.80%,---,---,---,---,---,---,---,---,4.20%,-16.70%,-21.10%,-23.10%,---,---,---,---,---,---,---,---,---,---,---,---,---,---,---,---,"$3,237",-0.60%,-0.10%,3.50%,$1.58,0.10%,1.30%,6.50%
High Point,neighborhood,All Homes,"$4,39,000",-0.50%,-0.30%,11.20%,12.90%,2.50%,6.10%,0.50%,5.50%,5.30%,---,---,---,---,5.60%,-2.80%,-6.00%,-6.10%,$307,0.00%,-0.30%,11.60%,---,---,---,---,"$4,99,900",2.00%,11.20%,25.00%,92.10%,-0.90%,-7.00%,-6.80%,---,---,---,---,9.80%,-6.20%,5.90%,---,9.60%,8.50%,7.20%,3.50%,$299,0.40%,3.40%,22.30%,---,---,---,---,---,---,---,---,8.027,2.00%,3.30%,---,"$2,353",0.30%,2.60%,10.90%,$1.66,0.40%,1.30%,8.30%
Highland Park,neighborhood,All Homes,"$3,94,100",1.10%,3.60%,15.70%,14.10%,2.30%,2.50%,0.40%,2.00%,2.40%,---,---,---,---,---,---,---,---,$300,0.30%,1.40%,14.10%,---,---,---,---,---,---,---,---,96.40%,-0.70%,-3.00%,-3.40%,---,---,---,---,---,---,---,---,5.60%,-0.90%,0.90%,-10.50%,---,---,---,---,---,---,---,---,---,---,---,---,---,---,---,---,"$2,119",0.10%,1.40%,12.70%,$1.63,0.20%,1.60%,11.60%
Hillman City,neighborhood,All Homes,"$4,68,400",1.00%,4.20%,18.90%,14.70%,2.90%,3.20%,0.10%,3.00%,2.70%,---,---,---,---,---,---,---,---,$328,0.90%,2.80%,19.30%,---,---,---,---,---,---,---,---,96.00%,-0.30%,-3.70%,-3.30%,---,---,---,---,---,---,---,---,5.70%,0.00%,3.80%,-5.30%,---,---,---,---,---,---,---,---,---,---,---,---,---,---,---,---,"$2,293",0.00%,1.20%,8.40%,$1.59,0.10%,0.90%,6.80%
Holly Park,neighborhood,All Homes,"$4,19,900",-0.30%,-0.20%,10.10%,11.30%,1.70%,3.10%,0.50%,2.30%,2.80%,---,---,---,---,---,---,---,---,$257,-0.40%,-2.30%,11.30%,---,---,---,---,---,---,---,---,95.50%,-1.20%,-3.70%,-3.30%,---,---,---,---,---,---,---,---,4.90%,-3.40%,-17.60%,-39.10%,---,---,---,---,---,---,---,---,---,---,---,---,---,---,---,---,"$2,312",0.20%,1.90%,9.10%,$1.42,0.40%,2.70%,10.80%
Interbay,neighborhood,All Homes,---,---,---,---,---,---,---,---,---,---,---,---,---,---,---,---,---,---,---,---,---,---,---,---,---,---,---,---,---,---,---,---,---,---,---,---,---,---,---,---,---,---,6.20%,-12.00%,-18.50%,-35.30%,---,---,---,---,---,---,---,---,---,---,---,---,---,---,---,---,---,---,---,---,---,---,---,---
International District,neighborhood,All Homes,---,---,---,---,---,---,---,---,---,---,---,---,---,---,---,---,---,---,---,---,---,---,---,---,---,---,---,---,---,---,---,---,---,---,---,---,---,---,---,---,---,---,8.60%,-8.70%,40.00%,75.00%,---,---,---,---,---,---,---,---,---,---,---,---,---,---,---,---,---,---,---,---,---,---,---,---
Jackson Place,neighborhood,All Homes,"$5,13,400",1.30%,6.10%,23.70%,13.10%,2.80%,---,---,---,---,---,---,---,---,---,---,---,---,$402,1.00%,3.10%,15.20%,---,---,---,---,---,---,---,---,---,---,---,---,---,---,---,---,---,---,---,---,5.70%,-3.70%,0.00%,-23.50%,---,---,---,---,---,---,---,---,---,---,---,---,---,---,---,---,"$2,302",0.00%,0.40%,5.30%,$1.92,0.00%,0.70%,5.50%
Judkins Park,neighborhood,All Homes,"$5,21,800",0.60%,2.60%,16.00%,12.40%,2.90%,2.60%,0.30%,2.40%,0.40%,---,---,---,---,---,---,---,---,$397,0.80%,3.40%,17.10%,---,---,---,---,---,---,---,---,96.20%,-0.40%,-3.40%,-1.40%,---,---,---,---,---,---,---,---,7.30%,-3.80%,-5.00%,-41.10%,---,---,---,---,---,---,---,---,---,---,---,---,---,---,---,---,"$2,401",0.20%,1.00%,6.00%,$1.83,0.00%,0.30%,5.70%
Junction,neighborhood,All Homes,"$5,68,600",-1.10%,-3.60%,5.40%,10.00%,2.50%,9.50%,3.70%,8.80%,9.30%,---,---,---,---,---,---,---,---,$399,-1.00%,-2.20%,7.00%,---,---,---,---,---,---,---,---,84.40%,-4.90%,-14.50%,-15.00%,---,---,---,---,---,---,---,---,5.40%,-10.30%,-17.00%,-28.70%,---,---,---,---,---,---,---,---,---,---,---,---,---,---,---,---,"$2,490",-0.60%,-1.30%,3.80%,$1.79,-0.60%,-0.90%,4.90%
Lakewood,neighborhood,All Homes,"$6,64,800",1.50%,5.20%,18.30%,12.40%,3.00%,4.30%,1.10%,3.70%,3.50%,---,---,---,---,---,---,---,---,$391,1.00%,3.20%,15.00%,---,---,---,---,---,---,---,---,93.60%,-1.60%,-5.60%,-5.40%,---,---,---,---,---,---,---,---,4.10%,0.00%,-10.50%,-7.30%,---,---,---,---,---,---,---,---,---,---,---,---,---,---,---,---,"$2,548",-0.30%,-0.80%,4.30%,$1.57,-0.10%,-0.10%,4.10%
Laurelhurst,neighborhood,All Homes,"$13,87,700",0.70%,3.90%,8.80%,10.80%,2.80%,20.80%,6.50%,18.80%,19.70%,---,---,---,---,---,---,---,---,$524,-1.30%,-1.90%,4.00%,---,---,---,---,---,---,---,---,70.30%,-7.90%,-27.10%,-27.80%,---,---,---,---,---,---,---,---,3.60%,0.00%,-9.00%,-21.80%,---,---,---,---,---,---,---,---,---,---,---,---,---,---,---,---,"$4,873",-0.10%,-0.70%,2.70%,$1.93,-0.70%,-1.00%,1.60%
Leschi,neighborhood,All Homes,"$7,87,200",-0.50%,-1.10%,5.50%,10.20%,2.40%,10.10%,3.70%,8.20%,8.60%,---,---,---,---,---,---,---,---,$457,-0.20%,0.20%,9.30%,---,---,---,---,---,---,---,---,84.90%,-4.80%,-12.30%,-12.40%,---,---,---,---,---,---,---,---,4.90%,-1.00%,-3.90%,-43.40%,---,---,---,---,---,---,---,---,---,---,---,---,---,---,---,---,"$2,912",-0.70%,-1.70%,5.20%,$1.79,-0.60%,-0.60%,5.20%
Little Saigon,neighborhood,All Homes,---,---,---,---,---,---,---,---,---,---,---,---,---,---,---,---,---,---,---,---,---,---,---,---,---,---,---,---,---,---,---,---,---,---,---,---,---,---,---,---,---,---,6.60%,33.30%,33.30%,-20.00%,---,---,---,---,---,---,---,---,---,---,---,---,322.581,---,---,---,---,---,---,---,---,---,---,---
Lower Queen Anne,neighborhood,All Homes,"$5,92,400",2.30%,6.60%,16.00%,11.40%,2.50%,4.20%,0.40%,2.40%,2.00%,---,---,---,---,---,---,---,---,$553,0.90%,2.80%,11.00%,---,---,---,---,---,---,---,---,94.40%,-1.10%,-2.40%,-0.90%,---,---,---,---,---,---,---,---,6.50%,0.00%,-4.20%,-24.80%,---,---,---,---,---,---,---,---,---,---,---,---,---,---,---,---,"$2,580",-0.70%,-1.50%,5.00%,$2.47,-0.20%,0.20%,5.70%
Loyal Heights,neighborhood,All Homes,"$6,59,000",-1.60%,-3.00%,7.80%,10.90%,3.20%,6.70%,3.60%,6.00%,6.10%,---,---,---,---,---,---,---,---,$453,-1.10%,-2.40%,7.10%,---,---,---,---,---,---,---,---,85.20%,-7.90%,-13.60%,-13.90%,---,---,---,---,---,---,---,---,5.00%,0.70%,-1.30%,-14.00%,---,---,---,---,---,---,---,---,---,---,---,---,---,---,---,---,"$2,669",-0.80%,-1.40%,5.40%,$1.86,-0.60%,-1.20%,5.50%
Madison Park,neighborhood,All Homes,"$12,14,500",-0.80%,0.00%,7.70%,10.70%,2.70%,15.60%,3.60%,10.80%,11.40%,---,---,---,---,---,---,---,---,$637,0.00%,1.10%,8.90%,---,---,---,---,---,---,---,---,79.10%,-4.60%,-14.60%,-14.70%,---,---,---,---,---,---,---,---,5.90%,1.80%,3.70%,0.00%,---,---,---,---,---,---,---,---,---,---,---,---,---,---,---,---,"$4,162",-1.00%,-2.20%,5.20%,$2.48,-0.20%,-0.20%,6.20%
Madison Valley,neighborhood,All Homes,"$7,29,600",-0.70%,-1.80%,7.00%,10.80%,2.90%,11.20%,5.30%,10.30%,10.50%,---,---,---,---,---,---,---,---,$479,-0.20%,-0.40%,7.20%,---,---,---,---,---,---,---,---,79.60%,-10.20%,-19.00%,-18.80%,---,---,---,---,---,---,---,---,6.00%,-1.10%,-5.20%,-23.30%,---,---,---,---,---,---,---,---,---,---,---,---,---,---,---,---,"$2,873",-0.80%,-1.50%,6.40%,$1.92,-0.40%,-0.60%,6.30%
Madrona,neighborhood,All Homes,"$8,93,800",-0.80%,-1.60%,5.20%,10.20%,3.20%,10.90%,5.00%,9.90%,10.30%,---,---,---,---,---,---,---,---,$494,-0.40%,0.40%,7.20%,---,---,---,---,---,---,---,---,81.10%,-7.50%,-17.70%,-17.20%,---,---,---,---,---,---,---,---,4.80%,-3.00%,-9.70%,-22.60%,---,---,---,---,---,---,---,---,---,---,---,---,---,---,---,---,"$3,182",-0.80%,-1.70%,7.30%,$1.84,-0.50%,-1.10%,6.60%
Magnolia,neighborhood,All Homes,"$7,92,100",-1.40%,-4.20%,1.70%,10.40%,2.60%,20.30%,4.50%,18.60%,18.70%,---,---,---,---,1.40%,-3.80%,-6.10%,-4.70%,$439,-1.10%,-3.30%,3.30%,---,---,---,---,"$6,62,000",-2.60%,-11.70%,-9.90%,69.50%,-6.50%,-27.40%,-27.40%,---,---,---,---,---,---,---,---,5.40%,-0.30%,-3.70%,-22.80%,$417,-5.40%,0.60%,1.10%,---,---,---,---,---,---,---,---,0.739,-0.70%,-0.80%,---,"$3,026",-1.30%,-1.30%,3.60%,$1.79,-0.80%,-1.00%,4.30%
Maple Leaf,neighborhood,All Homes,"$6,08,400",-0.90%,-3.00%,7.80%,11.10%,3.30%,5.00%,1.90%,4.50%,4.10%,---,---,---,---,---,---,---,---,$381,-0.30%,-1.30%,9.50%,---,---,---,---,---,---,---,---,89.50%,-4.10%,-9.90%,-8.40%,---,---,---,---,---,---,---,---,4.90%,4.60%,5.10%,-14.20%,---,---,---,---,---,---,---,---,---,---,---,---,1.443,---,---,---,"$2,538",-0.20%,-0.60%,3.80%,$1.69,-0.20%,-0.70%,4.70%
Matthews Beach,neighborhood,All Homes,"$6,97,400",-0.80%,-1.40%,7.70%,10.10%,3.00%,17.10%,5.80%,14.40%,16.10%,---,---,---,---,---,---,---,---,$362,-0.80%,-1.90%,5.80%,---,---,---,---,---,---,---,---,74.50%,-7.00%,-20.80%,-23.00%,---,---,---,---,---,---,---,---,4.30%,-3.60%,-12.20%,-18.80%,---,---,---,---,---,---,---,---,---,---,---,---,---,---,---,---,"$2,725",-0.70%,-1.40%,5.10%,$1.45,-0.40%,-1.00%,4.30%
Meadowbrook,neighborhood,All Homes,"$5,71,700",-1.40%,-4.00%,4.60%,11.00%,3.10%,7.90%,2.40%,6.10%,4.30%,---,---,---,---,---,---,---,---,$349,-1.10%,-2.00%,9.10%,---,---,---,---,---,---,---,---,85.90%,-5.50%,-11.40%,-9.60%,---,---,---,---,---,---,---,---,4.80%,0.00%,-5.20%,-24.70%,---,---,---,---,---,---,---,---,---,---,---,---,---,---,---,---,"$2,524",0.00%,0.00%,7.00%,$1.54,-0.10%,-0.50%,6.00%
Minor,neighborhood,All Homes,"$6,27,700",0.10%,1.70%,14.30%,12.50%,4.10%,2.00%,0.30%,1.20%,1.10%,---,---,---,---,---,---,---,---,$439,0.00%,1.60%,12.30%,---,---,---,---,---,---,---,---,95.80%,-1.70%,-2.90%,-2.80%,---,---,---,---,---,---,---,---,6.30%,2.80%,-4.30%,-39.50%,---,---,---,---,---,---,---,---,---,---,---,---,---,---,---,---,"$2,605",-0.20%,0.50%,6.60%,$1.94,-0.40%,-0.50%,5.90%
Montlake,neighborhood,All Homes,"$10,00,300",-2.20%,-5.10%,4.40%,9.10%,2.90%,23.80%,10.50%,22.60%,23.40%,---,---,---,---,---,---,---,---,$500,-1.00%,-2.50%,4.80%,---,---,---,---,---,---,---,---,65.00%,-12.50%,-31.70%,-33.70%,---,---,---,---,---,---,---,---,3.80%,3.10%,3.10%,-19.30%,---,---,---,---,---,---,---,---,---,---,---,---,---,---,---,---,"$3,656",-1.50%,-1.90%,3.50%,$1.87,-1.10%,-1.70%,2.50%
Mt. Baker,neighborhood,All Homes,"$7,96,000",-1.60%,-4.40%,3.00%,9.70%,2.10%,14.40%,7.00%,13.70%,12.50%,---,---,---,---,---,---,---,---,$401,-1.20%,-2.90%,6.60%,---,---,---,---,---,---,---,---,77.90%,-7.30%,-20.70%,-18.60%,---,---,---,---,---,---,---,---,2.90%,-2.20%,-21.40%,-55.60%,---,---,---,---,---,---,---,---,---,---,---,---,---,---,---,---,"$2,963",-0.60%,-1.50%,3.90%,$1.56,-0.40%,-0.30%,4.80%
North Beach,neighborhood,All Homes,"$7,89,800",-0.50%,-2.30%,3.50%,10.50%,2.60%,17.00%,5.30%,15.90%,16.00%,---,---,---,---,---,---,---,---,$390,-0.80%,-2.50%,5.70%,---,---,---,---,---,---,---,---,74.60%,-6.30%,-23.00%,-24.00%,---,---,---,---,---,---,---,---,4.90%,4.30%,-2.00%,-5.80%,---,---,---,---,---,---,---,---,---,---,---,---,---,---,---,---,"$2,935",-0.70%,-1.20%,2.70%,$1.50,-0.30%,-0.30%,3.20%
North Beacon Hill,neighborhood,All Homes,"$5,35,900",0.80%,3.60%,16.70%,12.40%,3.40%,1.90%,0.70%,1.40%,1.50%,---,---,---,---,---,---,---,---,$355,0.30%,2.60%,16.00%,---,---,---,---,---,---,---,---,97.10%,-0.70%,-2.20%,-2.10%,---,---,---,---,---,---,---,---,4.30%,0.00%,-9.40%,-31.50%,---,---,---,---,---,---,---,---,---,---,---,---,---,---,---,---,"$2,415",-0.20%,1.00%,6.20%,$1.68,-0.10%,0.10%,5.70%
North College Park,neighborhood,All Homes,"$5,16,000",0.40%,1.70%,13.20%,11.50%,3.10%,2.50%,1.20%,2.30%,2.40%,---,---,---,---,---,---,---,---,$359,0.30%,1.10%,13.20%,---,---,---,---,---,---,---,---,95.00%,-2.70%,-4.60%,-4.60%,---,---,---,---,---,---,---,---,7.90%,3.60%,7.40%,5.80%,---,---,---,---,---,---,---,---,---,---,---,---,---,---,---,---,"$2,398",0.10%,1.10%,6.20%,$1.69,0.00%,0.20%,5.50%
North Delridge,neighborhood,All Homes,"$4,44,300",0.90%,3.20%,15.30%,13.60%,2.80%,5.90%,1.10%,5.40%,4.80%,---,---,---,---,---,---,---,---,$359,0.30%,1.10%,12.50%,---,---,---,---,---,---,---,---,91.60%,-1.80%,-7.70%,-6.70%,---,---,---,---,---,---,---,---,6.80%,-1.00%,-12.00%,-43.70%,---,---,---,---,---,---,---,---,---,---,---,---,---,---,---,---,"$2,254",0.50%,1.60%,10.00%,$1.86,0.30%,0.50%,7.60%
North Queen Anne,neighborhood,All Homes,"$8,00,900",-0.90%,-2.40%,2.80%,9.80%,2.60%,17.10%,6.70%,15.90%,15.00%,---,---,---,---,---,---,---,---,$479,-0.60%,-1.00%,5.30%,---,---,---,---,---,---,---,---,74.60%,-8.10%,-23.40%,-22.40%,---,---,---,---,---,---,---,---,5.20%,-1.90%,4.90%,-27.10%,---,---,---,---,---,---,---,---,---,---,---,---,---,---,---,---,"$3,130",-0.90%,-0.80%,4.90%,$1.98,-0.60%,0.00%,5.80%
Northgate,neighborhood,All Homes,"$3,12,200",-1.10%,-3.60%,14.20%,8.60%,1.10%,---,---,---,---,---,---,---,---,---,---,---,---,$286,-0.70%,-2.10%,12.20%,---,---,---,---,---,---,---,---,---,---,---,---,---,---,---,---,---,---,---,---,6.40%,-3.10%,-3.10%,3.30%,---,---,---,---,---,---,---,---,---,---,---,---,---,---,---,---,"$1,859",-1.10%,-3.80%,4.10%,$1.73,-0.30%,-0.50%,8.20%
Olympic Hills,neighborhood,All Homes,"$4,63,400",-1.40%,-3.20%,9.30%,11.50%,2.50%,4.70%,1.50%,4.10%,4.10%,---,---,---,---,---,---,---,---,$314,-0.90%,-2.50%,10.60%,---,---,---,---,---,---,---,---,92.00%,-1.40%,-7.20%,-7.10%,---,---,---,---,---,---,---,---,4.50%,-4.80%,-2.00%,-23.30%,---,---,---,---,---,---,---,---,---,---,---,---,---,---,---,---,"$2,249",-0.30%,-0.60%,7.20%,$1.51,-0.40%,-0.70%,5.30%
Olympic Manor,neighborhood,All Homes,"$8,36,400",-1.70%,-4.60%,4.40%,9.20%,2.60%,19.40%,3.40%,17.10%,18.70%,---,---,---,---,---,---,---,---,$393,-0.80%,-2.20%,5.60%,---,---,---,---,---,---,---,---,73.10%,-1.30%,-21.50%,-25.50%,---,---,---,---,---,---,---,---,5.40%,-5.70%,-18.00%,-13.80%,---,---,---,---,---,---,---,---,---,---,---,---,---,---,---,---,"$3,090",-0.80%,-0.40%,3.90%,$1.50,-0.70%,-0.50%,1.60%
Phinney Ridge,neighborhood,All Homes,"$7,15,200",-0.70%,-3.20%,4.00%,9.80%,3.00%,10.30%,4.30%,9.10%,10.00%,---,---,---,---,---,---,---,---,$474,-0.20%,-1.00%,5.60%,---,---,---,---,---,---,---,---,81.70%,-6.10%,-16.70%,-17.80%,---,---,---,---,---,---,---,---,4.60%,-4.80%,-11.60%,-9.10%,---,---,---,---,---,---,---,---,---,---,---,---,---,---,---,---,"$2,937",-0.40%,0.30%,5.50%,$1.93,-0.80%,-0.80%,4.40%
Pinehurst,neighborhood,All Homes,"$4,86,100",0.20%,0.90%,9.00%,12.10%,2.80%,3.80%,1.40%,3.40%,3.60%,---,---,---,---,---,---,---,---,$316,0.30%,0.30%,11.30%,---,---,---,---,---,---,---,---,94.10%,-2.20%,-5.40%,-5.60%,---,---,---,---,---,---,---,---,5.20%,2.70%,-3.80%,-14.60%,---,---,---,---,---,---,---,---,---,---,---,---,22.422,---,---,14.70%,"$2,264",-0.20%,-0.50%,4.90%,$1.51,-0.40%,-0.90%,4.30%
Pioneer Square,neighborhood,All Homes,---,---,---,---,---,---,---,---,---,---,---,---,---,---,---,---,---,---,---,---,---,---,---,---,---,---,---,---,---,---,---,---,---,---,---,---,---,---,---,---,---,---,4.10%,0.00%,-8.30%,-26.70%,---,---,---,---,---,---,---,---,---,---,---,---,---,---,---,---,---,---,---,---,---,---,---,---
Portage Bay,neighborhood,All Homes,"$10,37,900",0.70%,1.30%,9.00%,10.50%,3.30%,---,---,---,---,---,---,---,---,---,---,---,---,$474,-0.60%,-1.90%,6.30%,---,---,---,---,---,---,---,---,---,---,---,---,---,---,---,---,---,---,---,---,6.90%,0.00%,-3.00%,6.70%,---,---,---,---,---,---,---,---,---,---,---,---,---,---,---,---,"$3,488",-1.70%,-2.60%,3.40%,$1.85,-0.80%,-0.30%,8.10%
Rainier Beach,neighborhood,All Homes,"$4,24,500",-0.50%,0.30%,13.10%,12.10%,1.10%,7.70%,2.30%,7.30%,7.30%,---,---,---,---,---,---,---,---,$246,-0.40%,1.70%,13.40%,---,---,---,---,---,---,---,---,88.90%,-3.60%,-10.60%,-10.40%,---,---,---,---,---,---,---,---,5.50%,5.70%,3.20%,13.20%,---,---,---,---,---,---,---,---,---,---,---,---,---,---,---,---,"$2,230",0.50%,3.00%,14.70%,$1.27,0.30%,2.10%,12.50%
Rainier View,neighborhood,All Homes,"$3,45,400",0.20%,0.80%,12.30%,12.90%,1.00%,5.10%,2.60%,4.80%,5.00%,---,---,---,---,---,---,---,---,$234,0.40%,1.30%,12.00%,---,---,---,---,---,---,---,---,92.30%,-3.30%,-7.30%,-7.40%,---,---,---,---,---,---,---,---,4.50%,-8.10%,-9.50%,-23.00%,---,---,---,---,---,---,---,---,---,---,---,---,7.277,-3.10%,---,-5.20%,"$1,952",-0.50%,0.10%,10.30%,$1.32,-0.30%,0.30%,10.60%
Ravenna,neighborhood,All Homes,"$7,19,500",-0.90%,-3.10%,5.70%,10.00%,3.30%,5.80%,2.40%,4.80%,4.90%,---,---,---,---,---,---,---,---,$444,0.00%,0.00%,8.00%,---,---,---,---,---,---,---,---,89.20%,-5.20%,-9.00%,-9.40%,---,---,---,---,---,---,---,---,4.40%,-2.80%,-3.30%,-17.10%,---,---,---,---,---,---,---,---,---,---,---,---,---,---,---,---,"$2,824",-0.70%,-1.30%,3.40%,$1.73,-0.60%,-1.10%,3.70%
Riverview,neighborhood,All Homes,"$4,46,400",0.10%,1.20%,13.00%,13.60%,2.20%,5.80%,0.40%,4.90%,5.30%,---,---,---,---,---,---,---,---,$303,0.30%,0.70%,13.90%,---,---,---,---,---,---,---,---,91.10%,-1.80%,-7.60%,-8.30%,---,---,---,---,---,---,---,---,4.60%,3.30%,-8.80%,-35.40%,---,---,---,---,---,---,---,---,---,---,---,---,---,---,---,---,"$2,336",0.50%,2.80%,14.30%,$1.56,0.40%,2.50%,11.90%
Roosevelt,neighborhood,All Homes,"$6,77,100",-1.20%,-2.80%,7.60%,10.70%,3.20%,10.30%,4.40%,8.90%,9.50%,---,---,---,---,---,---,---,---,$427,-0.50%,-1.20%,7.30%,---,---,---,---,---,---,---,---,84.70%,-5.10%,-13.20%,-13.70%,---,---,---,---,---,---,---,---,6.00%,1.30%,1.30%,15.10%,---,---,---,---,---,---,---,---,---,---,---,---,---,---,---,---,"$2,713",-0.90%,-1.60%,4.40%,$1.72,-0.90%,-1.40%,3.90%
Roxhill,neighborhood,All Homes,"$4,35,300",0.50%,1.10%,10.70%,12.20%,2.60%,3.80%,0.50%,3.50%,3.70%,---,---,---,---,---,---,---,---,$381,0.30%,1.10%,13.70%,---,---,---,---,---,---,---,---,93.50%,-1.10%,-5.80%,-6.40%,---,---,---,---,---,---,---,---,7.60%,0.00%,10.70%,18.80%,---,---,---,---,---,---,---,---,---,---,---,---,---,---,---,---,"$2,187",0.30%,1.30%,12.30%,$1.89,0.00%,1.00%,10.80%
Seaview,neighborhood,All Homes,"$5,83,600",-2.10%,-6.40%,3.50%,9.80%,1.90%,12.20%,3.80%,11.60%,11.40%,---,---,---,---,---,---,---,---,$413,-1.20%,-3.10%,6.40%,---,---,---,---,---,---,---,---,80.80%,-5.00%,-17.80%,-18.10%,---,---,---,---,---,---,---,---,4.80%,-2.10%,-1.10%,-19.70%,---,---,---,---,---,---,---,---,---,---,---,---,---,---,---,---,"$2,518",-0.70%,-1.40%,4.50%,$1.83,-0.50%,-1.10%,4.30%
Seward Park,neighborhood,All Homes,"$7,44,300",-0.60%,-1.90%,7.40%,9.50%,2.30%,12.20%,3.00%,10.10%,10.20%,---,---,---,---,---,---,---,---,$353,-0.30%,-1.40%,7.30%,---,---,---,---,---,---,---,---,80.50%,-4.80%,-16.30%,-16.60%,---,---,---,---,---,---,---,---,3.60%,-6.80%,-19.60%,-44.60%,---,---,---,---,---,---,---,---,---,---,---,---,---,---,---,---,"$2,755",-0.80%,-1.90%,3.00%,$1.36,0.30%,1.30%,3.20%
South Beacon Hill,neighborhood,All Homes,"$3,97,400",-1.30%,-1.10%,5.10%,11.70%,1.20%,10.00%,2.70%,9.90%,9.80%,---,---,---,---,---,---,---,---,$242,-0.80%,-1.20%,6.60%,---,---,---,---,---,---,---,---,83.00%,-4.60%,-16.60%,-16.50%,---,---,---,---,---,---,---,---,4.80%,0.00%,-5.30%,-17.40%,---,---,---,---,---,---,---,---,---,---,---,---,---,---,---,---,"$2,208",0.40%,2.60%,11.70%,$1.32,0.50%,2.30%,10.30%
South Delridge,neighborhood,All Homes,"$3,76,800",1.10%,3.30%,17.20%,14.70%,2.10%,1.00%,0.10%,0.60%,0.70%,---,---,---,---,---,---,---,---,$294,1.00%,4.30%,17.60%,---,---,---,---,---,---,---,---,98.60%,0.20%,-0.70%,-0.60%,---,---,---,---,13.70%,-7.70%,---,---,7.40%,5.00%,2.40%,-13.60%,---,---,---,---,---,---,---,---,---,---,---,---,3.139,---,---,-4.50%,"$2,039",0.00%,0.60%,11.40%,$1.68,-0.10%,0.70%,8.40%
South Lake Union,neighborhood,All Homes,---,---,---,---,---,---,---,---,---,---,---,---,---,---,---,---,---,---,---,---,---,---,---,---,---,---,---,---,---,---,---,---,---,---,---,---,---,---,---,---,---,---,8.10%,-10.70%,-7.40%,-10.70%,---,---,---,---,---,---,---,---,---,---,---,---,---,---,---,---,---,---,---,---,---,---,---,---
South Park,neighborhood,All Homes,"$3,47,300",1.10%,2.60%,15.10%,14.60%,1.60%,3.80%,0.90%,3.00%,3.30%,---,---,---,---,---,---,---,---,$283,0.70%,1.80%,15.50%,---,---,---,---,---,---,---,---,94.40%,-1.90%,-4.70%,-4.70%,---,---,---,---,---,---,---,---,6.50%,5.20%,0.00%,3.40%,---,---,---,---,---,---,---,---,---,---,---,---,9.496,2.90%,1.70%,-1.40%,"$1,996",0.60%,2.80%,12.70%,$1.63,0.50%,2.50%,12.10%
Sunset Hill,neighborhood,All Homes,"$7,25,200",-2.20%,-6.20%,0.70%,9.30%,2.70%,25.20%,5.70%,19.70%,22.50%,---,---,---,---,---,---,---,---,$460,-1.50%,-4.00%,3.80%,---,---,---,---,---,---,---,---,65.10%,-9.20%,-25.70%,-31.40%,---,---,---,---,---,---,---,---,4.00%,1.20%,7.60%,-21.30%,---,---,---,---,---,---,---,---,---,---,---,---,---,---,---,---,"$2,919",-1.00%,-1.10%,4.90%,$1.83,-1.10%,-1.60%,3.70%
University District,neighborhood,All Homes,"$6,83,300",0.10%,1.30%,10.30%,12.10%,3.80%,8.90%,3.00%,7.90%,8.60%,---,---,---,---,---,---,---,---,$445,0.00%,0.50%,10.70%,---,---,---,---,---,---,---,---,86.60%,-4.50%,-11.70%,-12.70%,---,---,---,---,---,---,---,---,4.40%,3.90%,-3.70%,-28.80%,---,---,---,---,---,---,---,---,---,---,---,---,---,---,---,---,"$2,709",-0.30%,-0.40%,3.90%,$1.84,-0.30%,0.00%,4.30%
Uptown,neighborhood,All Homes,"$4,03,300",0.30%,1.20%,11.70%,11.10%,1.80%,4.50%,1.50%,4.10%,4.30%,---,---,---,---,---,---,---,---,$548,0.00%,0.20%,9.20%,---,---,---,---,---,---,---,---,91.60%,-3.30%,-7.40%,-7.90%,---,---,---,---,---,---,---,---,8.90%,0.00%,4.00%,-10.30%,---,---,---,---,---,---,---,---,---,---,---,---,---,---,---,---,"$1,953",-0.30%,-0.50%,4.50%,$2.72,-0.30%,-0.30%,5.70%
Victory Heights,neighborhood,All Homes,"$5,36,700",-0.60%,-1.20%,8.40%,10.40%,2.90%,7.70%,2.70%,7.00%,6.60%,---,---,---,---,---,---,---,---,$333,-0.30%,-0.60%,9.90%,---,---,---,---,---,---,---,---,87.70%,-3.90%,-11.10%,-10.40%,---,---,---,---,---,---,---,---,5.10%,-1.10%,3.30%,-7.90%,---,---,---,---,---,---,---,---,---,---,---,---,7.485,---,---,1.20%,"$2,419",0.00%,-0.10%,6.60%,$1.59,-0.30%,-0.50%,6.70%
View Ridge,neighborhood,All Homes,"$8,45,500",-0.20%,-0.60%,6.20%,11.00%,3.20%,14.70%,4.10%,13.10%,11.20%,---,---,---,---,---,---,---,---,$437,0.20%,0.70%,7.60%,---,---,---,---,---,---,---,---,79.10%,-3.40%,-18.40%,-15.90%,---,---,---,---,---,---,---,---,5.20%,1.60%,2.40%,-12.90%,---,---,---,---,---,---,---,---,---,---,---,---,---,---,---,---,"$2,969",-0.40%,-0.60%,2.70%,$1.76,-0.70%,-0.70%,3.40%
Wallingford,neighborhood,All Homes,"$7,67,100",0.40%,0.60%,6.30%,10.60%,3.10%,15.00%,5.90%,14.50%,14.20%,---,---,---,---,---,---,---,---,$487,-0.40%,-1.40%,5.00%,---,---,---,---,"$6,50,000",-7.10%,-12.10%,8.30%,75.40%,-7.70%,-23.50%,-23.70%,---,---,---,---,---,---,---,---,4.60%,0.00%,-0.80%,-16.40%,$511,2.70%,3.90%,20.90%,---,---,---,---,---,---,---,---,---,---,---,---,"$3,034",-1.10%,-1.40%,4.30%,$1.96,-0.80%,-0.80%,5.30%
Waterfront,neighborhood,All Homes,---,---,---,---,---,---,---,---,---,---,---,---,---,---,---,---,---,---,---,---,---,---,---,---,---,---,---,---,---,---,---,---,---,---,---,---,---,---,---,---,---,---,0.90%,0.00%,-50.00%,-71.40%,---,---,---,---,---,---,---,---,---,---,---,---,---,---,---,---,---,---,---,---,---,---,---,---
Wedgwood,neighborhood,All Homes,"$6,88,100",-0.30%,0.10%,12.40%,10.90%,3.60%,4.10%,1.80%,3.10%,3.60%,---,---,---,---,---,---,---,---,$407,-0.20%,0.00%,8.50%,---,---,---,---,---,---,---,---,92.70%,-3.10%,-5.10%,-6.40%,---,---,---,---,---,---,---,---,4.90%,0.70%,5.20%,-2.70%,---,---,---,---,---,---,---,---,---,---,---,---,---,---,---,---,"$2,680",-0.60%,-1.70%,4.30%,$1.62,-0.40%,-1.20%,4.40%
West Queen Anne,neighborhood,All Homes,"$8,27,800",-0.50%,-1.60%,3.90%,9.60%,2.50%,13.40%,4.80%,11.70%,11.80%,---,---,---,---,---,---,---,---,$517,-0.20%,-0.20%,6.40%,---,---,---,---,---,---,---,---,80.00%,-6.60%,-15.70%,-17.70%,---,---,---,---,---,---,---,---,6.70%,-6.20%,-8.00%,-13.80%,---,---,---,---,---,---,---,---,---,---,---,---,---,---,---,---,"$3,189",-1.30%,-2.10%,3.70%,$2.13,-0.10%,0.30%,4.70%
West Woodland,neighborhood,All Homes,"$6,55,400",0.40%,2.10%,10.50%,12.20%,3.80%,2.00%,0.60%,1.50%,1.70%,---,---,---,---,---,---,---,---,$465,0.20%,1.30%,10.70%,---,---,---,---,---,---,---,---,95.50%,-2.20%,-3.60%,-4.10%,---,---,---,---,---,---,---,---,5.30%,0.00%,-8.30%,-10.80%,---,---,---,---,---,---,---,---,---,---,---,---,---,---,---,---,"$2,691",0.00%,-0.20%,7.20%,$1.94,0.00%,-0.10%,6.50%
Westlake,neighborhood,All Homes,"$5,24,500",0.10%,2.10%,13.00%,11.20%,1.80%,3.30%,1.10%,2.50%,3.00%,---,---,---,---,---,---,---,---,$481,0.60%,2.60%,11.30%,---,---,---,---,---,---,---,---,94.40%,-1.60%,-4.30%,-5.00%,---,---,---,---,---,---,---,---,9.20%,-1.10%,-1.10%,-1.10%,---,---,---,---,---,---,---,---,---,---,---,---,---,---,---,---,"$2,455",-0.30%,-0.70%,4.40%,$2.28,0.10%,0.10%,5.20%
Whittier Heights,neighborhood,All Homes,"$6,59,400",-1.30%,-2.80%,8.60%,11.30%,3.30%,3.80%,1.60%,3.10%,2.90%,---,---,---,---,---,---,---,---,$459,-0.90%,-2.10%,8.80%,---,---,---,---,---,---,---,---,91.60%,-4.10%,-7.50%,-6.90%,---,---,---,---,---,---,---,---,6.20%,3.50%,11.40%,-13.30%,---,---,---,---,---,---,---,---,---,---,---,---,---,---,---,---,"$2,697",-0.60%,-0.80%,6.80%,$1.92,-0.60%,-0.70%,6.40%
Windermere,neighborhood,All Homes,"$12,54,300",-1.70%,-1.00%,9.10%,10.50%,2.90%,20.30%,5.70%,17.00%,19.70%,---,---,---,---,---,---,---,---,$533,-1.50%,-2.20%,5.10%,---,---,---,---,---,---,---,---,72.80%,-5.20%,-21.90%,-26.30%,---,---,---,---,---,---,---,---,4.40%,0.00%,6.70%,-34.70%,---,---,---,---,---,---,---,---,---,---,---,---,---,---,---,---,"$4,390",-0.30%,-0.80%,5.90%,$1.99,-0.50%,-0.50%,3.90%
